{
    "Hagunyc ": 114155.0,
    "Kijiky ": 608516.0,
    "Qazuwoh ": 85576.8525097518,
    "Elahyfe ": 576927.123017825,
    "Apygol ": 330665.6781149259,
    "Xoqo ": 42154.0,
    "Epyz ": 422049.0,
    "Ycan ": 240523.0,
    "Jana ": 277941.9419933107,
    "Celux ": 174036.0
}